Steps,Policy/Entropy,Environment/Episode Length,Policy/Extrinsic Value Estimate,Environment/Cumulative Reward,Policy/Extrinsic Reward,Losses/Value Loss,Losses/Policy Loss,Policy/Learning Rate,Policy/Epsilon,Policy/Beta,Is Training
50000,1.414011,23.807043650793652,-0.06989941,1.3803969735543131,1.3803969735543131,0.27713087,0.024651356,0.00028462266,0.19487423,0.0047442224,1.0
100000,1.4030292,27.85458742065782,0.40469384,1.7853432616022233,1.7853432616022233,0.19136347,0.023504287,0.00025694357,0.18564785,0.0042838273,1.0
